E,E,E,E,E,E,E,E,E,E,E,E,E,E,E,E,E,E,E,E,E,E,E,E,E,E,E,E,E,E,E,E,E,E,E,E,E,E,E,E,E,E,E,E,E,E,E,E,E,E
E,E,E,E,E,E,E,E,E,E,E,E,E,E,E,E,E,E,E,E,E,E,E,E,E,E,E,E,E,E,E,E,E,E,E,E,E,E,E,E,E,E,E,E,E,E,E,E,E,E
E,E,E,E,E,E,E,E,E,E,E,E,E,E,E,E,E,E,E,E,E,E,E,E,E,E,E,E,E,E,E,E,E,E,E,E,E,E,E,E,E,E,E,E,E,E,E,E,E,E
E,E,E,E,E,E,E,E,E,E,E,E,E,E,E,E,E,E,E,E,E,E,E,E,E,E,E,E,E,E,E,E,E,E,E,E,E,E,E,E,E,E,E,E,E,E,E,E,E,E
E,E,E,E,E,E,E,E,E,E,E,E,E,E,E,E,E,E,E,E,E,E,E,E,E,E,E,E,E,E,E,E,E,E,E,E,E,E,E,E,E,E,E,E,E,E,E,E,E,E
E,E,E,E,E,E,E,E,E,E,E,E,E,E,E,E,E,E,E,E,E,E,E,E,E,E,E,E,E,E,E,E,E,E,E,E,E,E,E,E,E,E,E,E,E,E,E,E,E,E
E,E,E,E,E,E,E,E,E,E,E,E,E,E,E,E,E,E,E,E,E,E,E,E,E,E,E,E,E,E,E,E,E,E,E,E,E,E,E,E,E,E,E,E,E,E,E,E,E,E
E,E,E,E,E,E,E,E,E,E,E,E,E,E,E,E,E,E,E,E,E,E,E,E,E,E,E,E,E,E,E,E,E,E,E,E,E,E,E,E,E,E,E,E,E,E,E,E,E,E
E,E,E,E,E,E,E,E,E,E,E,E,E,E,E,E,E,E,E,E,E,E,E,E,E,E,E,E,E,E,E,E,E,E,E,E,E,E,E,E,E,E,E,E,E,E,E,E,E,E
E,E,E,E,E,E,E,FP,FP,FP,E,E,E,E,E,E,E,E,E,E,E,E,E,E,E,E,E,E,E,E,E,E,E,E,E,E,E,E,E,E,E,E,E,E,E,E,E,E,E,E
E,E,E,E,E,E,E,FP,FE3,FP,E,FP,FP,FP,E,E,E,E,E,E,E,E,E,E,E,E,E,E,E,E,E,E,E,E,E,E,E,E,E,E,E,E,E,E,E,E,E,E,E,E
E,E,E,E,E,E,FP,FP,FP,FP,FP,FP,FE3,FP,E,FP,E,E,E,E,E,E,E,E,E,E,E,E,E,E,E,E,E,E,E,E,E,E,E,E,E,E,E,E,E,E,E,E,E,E
E,E,E,E,E,E,FP,FP,FP,FE3,FP,FE3,E,FP,FP,FP,FP,FP,FP,FP,FP,FP,E,E,E,E,E,E,E,E,E,E,E,E,E,E,E,E,E,E,E,E,E,E,E,E,E,E,E,E
E,E,E,E,E,E,FP,FP,FP,FP,FP,E,E,FE3,FE3,FP,FP,FP,FP,FE3,FP,FP,E,E,E,E,E,E,E,E,E,E,E,E,E,E,E,E,E,E,E,E,E,E,E,E,E,E,E,E
E,E,E,E,E,E,FE3,FP,FP,FP,FP,E,E,E,E,FE3,FE3,FP,FP,E,FE3,FE3,E,E,E,E,E,E,E,E,E,E,E,E,E,E,E,E,E,E,E,E,E,E,E,E,E,E,E,E
E,E,E,E,E,E,E,FE3,FP,FP,FE3,E,E,E,E,E,FP,FE3,FP,E,E,E,E,E,E,E,E,E,E,E,E,E,E,E,E,E,E,E,E,E,E,E,E,E,E,E,E,E,E,E
E,E,E,E,E,E,E,E,FE3,FE3,E,E,E,E,FP,FP,FP,FP,FP,FP,FP,E,E,E,E,E,E,E,E,E,E,E,E,E,FP,E,E,E,E,E,E,E,E,E,E,E,E,E,E,E
E,E,E,E,E,E,E,E,E,E,E,E,E,E,FP,FP,FP,FP,FP,FP,FP,E,FP,FP,E,E,E,E,E,E,E,E,E,FP,FP,FP,E,E,E,E,E,E,E,E,E,E,E,E,E,E
E,E,E,E,E,E,E,E,E,E,E,E,FP,FP,FP,FP,FP,FP,FP,FP,FP,FP,FP,FP,E,E,E,E,E,E,E,E,FP,FP,FP,FP,E,E,E,E,E,E,E,E,E,E,E,E,E,E
E,E,E,E,E,E,E,E,E,E,E,FP,FP,FP,FP,FP,FP,FP,FP,FP,FE3,FE3,FP,FP,FP,E,E,E,E,E,E,E,FP,FE3,FP,FP,E,E,E,E,E,E,E,E,E,E,E,E,E,E
E,E,E,E,E,E,E,E,E,E,E,FP,FP,FP,FP,FP,FP,FP,FP,FP,E,E,FP,FP,FP,FP,FP,E,E,E,E,FP,FP,FP,FP,FP,FP,E,E,E,E,E,E,E,E,E,E,E,E,E
E,E,E,E,E,E,E,E,E,E,E,FE3,FP,FP,FP,FP,FP,FP,FP,FP,FP,FP,FP,FP,FP,FP,FP,E,E,FP,FP,FP,FP,FP,FP,FE3,FP,E,E,E,E,E,E,E,E,E,E,E,E,E
E,E,E,E,E,E,E,E,E,E,E,E,FE3,FP,FE3,FE3,FE3,FP,FP,FP,FP,FP,FP,FP,FP,FP,FE3,FP,FP,FP,FP,FP,FP,FP,FP,FP,FE3,E,E,E,E,E,E,E,E,E,E,E,E,E
E,E,E,E,E,E,E,E,E,E,E,E,E,FP,E,E,E,FP,FP,FP,FP,FP,FP,FP,FP,FP,FP,FP,FP,FP,FP,FP,FP,FP,FP,FP,E,E,E,E,E,E,E,E,E,E,E,E,E,E
E,E,E,E,E,E,E,E,E,E,E,E,E,FP,E,E,FP,FP,FE3,FP,FP,FP,FP,FP,FP,FP,FP,FP,FP,FP,FP,FP,FP,FP,FP,FP,E,E,E,E,E,E,E,E,E,E,E,E,E,E
E,E,E,E,E,E,E,E,E,E,E,E,E,FP,FP,FP,FP,FP,E,FE3,FE3,FP,FP,FE3,FP,FP,FP,FP,FP,FP,FP,FP,FP,FP,FP,FP,E,E,E,E,E,E,E,E,E,E,E,E,E,E
E,E,E,E,E,E,E,E,E,E,E,E,E,FE3,FE3,FP,FP,FP,FP,E,E,FE3,FP,E,FE3,FP,FP,FE3,FP,FP,FP,FE3,FE3,FP,FP,FP,E,E,E,E,E,E,E,E,E,E,E,E,E,E
E,E,E,E,E,E,E,E,E,E,E,E,E,E,E,FP,FP,FP,FP,E,E,E,FP,FP,E,FP,FP,FP,FP,FP,FP,FP,FP,FP,FP,FP,E,E,E,E,E,E,E,E,E,E,E,E,E,E
E,E,E,E,E,E,E,E,E,E,E,E,E,E,FP,FP,FP,FP,FP,FP,E,E,FP,FP,E,FP,FP,FP,FP,FP,FP,FP,FP,FP,FP,FP,E,E,E,E,E,E,E,E,E,E,E,E,E,E
E,E,E,E,E,E,E,E,E,E,E,E,E,E,FP,FE3,FP,FE3,FP,FP,FP,E,FP,FP,FP,FP,FP,FP,FP,FP,FP,FE3,FP,FP,FP,FE3,E,E,E,E,E,E,E,E,E,E,E,E,E,E
E,E,E,E,E,E,E,E,E,E,E,E,E,E,FE3,E,FE3,E,FP,FP,FP,E,FP,FP,FP,FP,FE3,FP,FP,FP,FP,E,FP,FP,FP,FP,FP,E,E,E,E,E,E,E,E,E,E,E,E,E
E,E,E,E,E,E,E,E,E,E,E,E,E,E,E,E,E,E,FE3,FP,FE3,E,FP,FP,FP,FE3,E,FP,FP,FP,FE3,E,FP,FP,FP,FP,FE3,E,E,E,E,E,E,E,E,E,E,E,E,E
E,E,E,E,E,E,E,E,E,E,E,E,E,E,E,E,E,E,E,FP,FP,E,FP,FP,FE3,E,E,FP,FP,FP,FP,E,FE3,FE3,FP,FE3,E,E,E,E,E,E,E,E,E,E,E,E,E,E
E,E,E,E,E,E,E,E,E,E,E,E,E,E,E,E,E,E,E,FP,FP,FP,FP,FP,FP,FP,FP,FP,FP,FP,FP,E,E,E,FE3,E,E,E,E,E,E,E,E,E,E,E,E,E,E,E
E,E,E,E,E,E,E,E,E,E,E,E,E,E,E,E,E,E,E,FP,FP,FP,FP,FP,FP,FP,FP,FE3,FE3,FP,FP,E,E,E,E,E,E,E,E,E,E,E,E,E,E,E,E,E,E,E
E,E,E,E,E,E,E,E,E,E,E,E,E,E,E,E,E,E,E,FE3,FE3,FE3,FP,FP,FP,FP,FP,E,E,FP,FE3,E,E,E,E,E,E,E,E,E,E,E,E,E,E,E,E,E,E,E
E,E,E,E,E,E,E,E,E,E,E,E,E,E,E,E,E,E,E,E,E,E,FE3,FE3,FE3,FE3,FE3,E,E,FE3,E,E,E,E,E,E,E,E,E,E,E,E,E,E,E,E,E,E,E,E
E,E,E,E,E,E,E,E,E,E,E,E,E,E,E,E,E,E,E,E,E,E,E,E,E,E,E,E,E,E,E,E,E,E,E,E,E,E,E,E,E,E,E,E,E,E,E,E,E,E
E,E,E,E,E,E,E,E,E,E,E,E,E,E,E,E,E,E,E,E,E,E,E,E,E,E,E,E,E,E,E,E,E,E,E,E,E,E,E,E,E,E,E,E,E,E,E,E,E,E
E,E,E,E,E,E,E,E,E,E,E,E,E,E,E,E,E,E,E,E,E,E,E,E,E,E,E,E,E,E,E,E,E,E,E,E,E,E,E,E,E,E,E,E,E,E,E,E,E,E
E,E,E,E,E,E,E,E,E,E,E,E,E,E,E,E,E,E,E,E,E,E,E,E,E,E,E,E,E,E,E,E,E,E,E,E,E,E,E,E,E,E,E,E,E,E,E,E,E,E
E,E,E,E,E,E,E,E,E,E,E,E,E,E,E,E,E,E,E,E,E,E,E,E,E,E,E,E,E,E,E,E,E,E,E,E,E,E,E,E,E,E,E,E,E,E,E,E,E,E
E,E,E,E,E,E,E,E,E,E,E,E,E,E,E,E,E,E,E,E,E,E,E,E,E,E,E,E,E,E,E,E,E,E,E,E,E,E,E,E,E,E,E,E,E,E,E,E,E,E
E,E,E,E,E,E,E,E,E,E,E,E,E,E,E,E,E,E,E,E,E,E,E,E,E,E,E,E,E,E,E,E,E,E,E,E,E,E,E,E,E,E,E,E,E,E,E,E,E,E
E,E,E,E,E,E,E,E,E,E,E,E,E,E,E,E,E,E,E,E,E,E,E,E,E,E,E,E,E,E,E,E,E,E,E,E,E,E,E,E,E,E,E,E,E,E,E,E,E,E
E,E,E,E,E,E,E,E,E,E,E,E,E,E,E,E,E,E,E,E,E,E,E,E,E,E,E,E,E,E,E,E,E,E,E,E,E,E,E,E,E,E,E,E,E,E,E,E,E,E
E,E,E,E,E,E,E,E,E,E,E,E,E,E,E,E,E,E,E,E,E,E,E,E,E,E,E,E,E,E,E,E,E,E,E,E,E,E,E,E,E,E,E,E,E,E,E,E,E,E
E,E,E,E,E,E,E,E,E,E,E,E,E,E,E,E,E,E,E,E,E,E,E,E,E,E,E,E,E,E,E,E,E,E,E,E,E,E,E,E,E,E,E,E,E,E,E,E,E,E
E,E,E,E,E,E,E,E,E,E,E,E,E,E,E,E,E,E,E,E,E,E,E,E,E,E,E,E,E,E,E,E,E,E,E,E,E,E,E,E,E,E,E,E,E,E,E,E,E,E
E,E,E,E,E,E,E,E,E,E,E,E,E,E,E,E,E,E,E,E,E,E,E,E,E,E,E,E,E,E,E,E,E,E,E,E,E,E,E,E,E,E,E,E,E,E,E,E,E,E
